manual_rank,manual_state,manual_rationale,manual_caveat,company,domain,source_url,official_domain_state,official_domain_source,city,vertical,target_segment,website_live,fetch_state,pages_found,phone,mobile_phone,email,address,google_maps_search_url,registroimprese_url,D1_hits,D2_hits,D3_hits,D4_hits,D5_hits,contactability,observed_dimensions,high_value_hits,structure_hits,youth_growth_hits,commercial_gap_count,facebook_url,instagram_url,linkedin_url,tiktok_url,facebook_reputation_hits,instagram_reputation_hits,linkedin_reputation_hits,tiktok_reputation_hits,social_presence_count,social_reputation_channels,preliminary_score,decision
1,SELECTED_FOR_FREE_DEEP_REVIEW,Strong high-value and structure signals with only 2 observed dimensions and 4 pattern gaps; location-specific independent studio.,Pattern gaps require target-specific confirmation; not a Signal.,Studio Dentistico Quinto al Mare,studioquintoalmare.it,https://www.studioquintoalmare.it/,,,Genova,dentale,first_visit_path,1,OK,4,0103200314,3939691588,info@studioquintoalmare.it,"Via Giuseppe Majorana 16R, 16166 Genova",https://www.google.com/maps/search/Studio%20Dentistico%20Quinto%20al%20Mare%20Genova,,2,0,4,0,0,3,2,3,5,1,4,https://www.facebook.com/studioservatoraso/,,,,0,1,1,1,1,3,98,ESCALATE
2,SELECTED_FOR_FREE_DEEP_REVIEW,High-value and structure-rich site with 4 pattern gaps and good acquisition depth.,Generic keyword saturation may inflate the score; inspect first-visit path manually.,Ge.O Genova Odontoiatrica,genovaodontoiatrica.it,https://www.genovaodontoiatrica.it/,,,Genova,dentale,first_visit_path,1,OK,6,0100997300,,info@genovaodontoiatrica.it,"Viale Brigata Bisagno 2/16, 16129 Genova",https://www.google.com/maps/search/Ge.O%20Genova%20Odontoiatrica%20Genova,,3,0,6,0,1,3,3,4,6,3,4,https://www.facebook.com/GeOdentisti/,,,,0,1,1,1,1,3,100,ESCALATE
3,SELECTED_FOR_FREE_DEEP_REVIEW,"High-value service signals, local independent scope and 3 pattern gaps.",Public email and VAT ID remain missing.,Studio Dentistico Emanuele Muller,studiodentisticomuller.com,https://www.studiodentisticomuller.com/,,,Genova,dentale,first_visit_path,1,OK,4,010580666,,,"Via Fieschi 3, Genova",https://www.google.com/maps/search/Studio%20Dentistico%20Emanuele%20Muller%20Genova,,0,2,4,0,4,3,3,5,4,1,3,,,,,2,3,3,3,0,4,100,ESCALATE
4,SELECTED_FOR_FREE_DEEP_REVIEW,"Current site acquisition shows high-value content, adequate contactability and 3 pattern gaps.",Earlier entity pass encountered a verification page; access state is unstable.,Studio Dentistico Enrico Figliomeno,studiodentisticofigliomeno.it,https://www.studiodentisticofigliomeno.it/,,,Genova,dentale,first_visit_path,1,OK,3,,,,Genova Prà,https://www.google.com/maps/search/Studio%20Dentistico%20Enrico%20Figliomeno%20Genova,,4,1,5,0,1,4,4,4,3,2,3,https://www.facebook.com/profile.php?id=100094466816658,https://www.instagram.com/studio_dott.figliomeno/,,,0,1,1,1,2,3,100,ESCALATE
5,SELECTED_FOR_FREE_DEEP_REVIEW,"Deep acquisition, high-value and structure signals, plus 3 pattern gaps.",No VAT ID observed; absence patterns still need protocol confirmation.,Studio Odontoiatrico Fabio Garbarini,studiogarbarini.it,https://www.studiogarbarini.it/,,,Genova,dentale,first_visit_path,1,OK,6,010880205,,fabio.garbarini@studiogarbarini.it,"Via Palestro 8/6, 16122 Genova",https://www.google.com/maps/search/Studio%20Odontoiatrico%20Fabio%20Garbarini%20Genova,,2,1,6,0,2,3,4,3,5,3,3,https://www.facebook.com/studiodentisticogarbarini/,,,,0,1,1,1,1,3,100,ESCALATE
6,SELECTED_FOR_FREE_DEEP_REVIEW,"Independent Nervi studio with strong structure, 4 pattern gaps and verified contacts.",Emergency mobile must not be treated as general outreach permission.,Studio Dentistico Luca Giachin,studiodentisticogiachin.eu,https://www.studiodentisticogiachin.eu/,,,Genova,dentale,first_visit_path,1,OK,6,0103724455,3356694455,luca.giachin@gmail.com,"Via G. Oberdan 40/2, 16167 Genova Nervi",https://www.google.com/maps/search/Studio%20Dentistico%20Luca%20Giachin%20Genova,,3,0,5,0,1,2,3,1,6,2,4,https://www.facebook.com/studiodentisticogiachin,https://privacycenter.instagram.com/policy/,,,0,1,1,1,2,3,100,ESCALATE
7,SELECTED_FOR_FREE_DEEP_REVIEW,"Local independent scope, 4 pattern gaps, verified contacts and adequate page depth.",Only one high-value pattern; verify commercial relevance before escalation.,Studio Dentistico Salusciev,studiodentisticosalusciev.it,https://www.studiodentisticosalusciev.it/,,,Genova,dentale,first_visit_path,1,OK,5,0106454179,3469667053,drproscovia@gmail.com,"Via Carlo Rota 4/6, Genova Sampierdarena",https://www.google.com/maps/search/Studio%20Dentistico%20Salusciev%20Genova,,0,5,3,0,2,3,3,1,4,0,4,https://www.facebook.com/Studio-Dentistico-Drsse-Salusciev-e-Strassera-2250529601901720/,,,,0,1,1,1,1,3,94,ESCALATE
8,SELECTED_FOR_FREE_DEEP_REVIEW,Five pattern gaps and high-value content make it useful for first-visit-path review.,Only one acquired page and contactability 1; keep Albaro separate from Sampierdarena.,Studio Dentistico Paolo Zuppa - Albaro,studiozuppa.it,https://www.studiozuppa.it/contattaci.html,,,Genova,dentale,first_visit_path,1,OK,1,010311163,,paolo.zuppa@fastwebnet.it,"Via G. Bovio 13/3, Genova Albaro",https://www.google.com/maps/search/Studio%20Dentistico%20Paolo%20Zuppa%20-%20Albaro%20Genova,,0,0,4,0,1,1,2,3,3,0,5,,,,,0,1,1,1,0,3,76,ESCALATE
9,SELECTED_FOR_FREE_DEEP_REVIEW,Independent Sampierdarena studio with 3 pattern gaps and sufficient contactability.,Moderate high-value evidence; comparator fit must be established.,Studio Dentistico Di Bartolo,studiodentisticosampierdarena.it,https://www.studiodentisticosampierdarena.it/,,,Genova,dentale,first_visit_path,1,OK,3,010415174,,luanadibartolo73@gmail.com,"Via A. Cantore 35/1, 16149 Genova",https://www.google.com/maps/search/Studio%20Dentistico%20Di%20Bartolo%20Genova,,3,2,5,0,2,3,4,1,4,0,3,,,,,0,1,1,1,0,3,92,ESCALATE
